SMILES,1159552,1919970,743035,1671198,1963585,1347031,720692,1224848,1259404,1259392,1224849,1259383,743065,743122,720516,743036,1224839,1159555,ghs,1259394,1963583,1224835,1347036,743085,743083,1159553,743140,1347397,743053,1259396,1224820,1259247,1259243,1259391,1259364,1259377,743080,1224892,720725,1671201,1346982,1671200,1347399,1346795,1259402,1224842,1159523,1259388
CC(N)C(=O)O,0.0076755695,0.008327702,0.0069444627,0.0319314,0.00045524494,0.005112674,0.000848569,0.008649557,0.014634979,0.05475259,0.0050747064,0.002350267,0.014403819,0.017795853,0.017036604,0.010697431,0.007734221,0.020031875,0.3154924,0.0028507714,0.00012304937,0.02623297,0.001613987,0.009650176,0.009985748,0.012251641,0.007093063,0.010156898,0.015449513,0.0026323562,0.3396609,0.0015648768,0.0043384274,0.00037685412,0.008972144,0.0021460708,0.0026341346,0.0050480333,0.0019751273,0.029402927,0.027542327,0.006606474,0.0033071358,0.0052339486,0.025581172,0.004227216,0.010553362,0.010681174
CCO,0.035501994,0.08884634,0.038441613,0.065421626,0.02969027,0.03205524,0.019295562,0.028788317,0.04500228,0.054665647,0.03341466,0.07083354,0.039593376,0.032314423,0.023368768,0.049216047,0.026491933,0.056779556,0.9413615,0.06771083,0.043796346,0.09874547,0.03624942,0.036661778,0.03496182,0.03503282,0.033148747,0.020780982,0.040543593,0.034883477,0.44951952,0.03228856,0.037870552,0.076170936,0.036900476,0.06418695,0.02826681,0.058721855,0.025442574,0.04354059,0.055017337,0.008925456,0.025654498,0.03981575,0.043123826,0.059835803,0.03523062,0.06372178
COc1ccc(I)cc1,0.058292143,0.15898941,0.029623441,0.29679173,0.0011119911,0.24452893,0.05599565,0.096778125,0.005985009,0.12128273,0.0019728972,0.000867654,0.08818655,0.117159955,0.036578406,0.0008221399,0.10852142,0.083088785,0.33806917,0.0028192208,0.0026430916,0.101329796,0.00046065965,0.08762632,0.03528733,0.04924289,0.0458446,0.037531435,0.0034162186,0.059434768,0.22707649,0.14832693,0.102530256,0.000225529,0.011686971,0.0056348057,0.06816969,0.09779935,0.06468977,0.06478731,0.21949619,0.022077825,0.0019729263,0.15383792,0.00658632,0.0047027715,0.04500254,0.005493337
CC(=O)C1CCC2C3CCC4=CC(=O)CCC4(C)C3CCC12C,0.05988047,0.012443423,0.031057755,0.5064095,0.0,0.20768555,0.15789726,0.061271675,1.6543995e-06,0.16595267,1.9229807e-05,0.052675366,0.20968027,0.0069281943,0.0013366217,0.000606477,0.058710113,0.0905648,0.28649065,0.034241196,2.5931618e-07,0.012008013,0.055721026,0.0047559626,0.06871945,0.0030081717,0.0149552245,0.0048165796,0.0024257598,0.020021018,0.0029549452,0.097736984,0.20341931,0.0053026117,1.0015698e-05,0.041883923,0.025797933,0.0757662,0.0046858774,0.21707481,0.5768369,0.2310688,1.2501136e-05,0.020233098,1.972124e-05,5.973837e-05,0.044635016,0.00035686753
CN1CC(=O)N=C1N,0.031439714,0.014595658,0.0270058,0.007694682,1.6009808e-13,0.011100238,0.014747786,0.03501746,0.029412394,0.060743306,0.020097226,0.00031953366,0.036889527,0.052619368,0.07003034,0.0037454383,0.0106361555,0.05734691,0.69510317,0.014733506,2.2582735e-05,0.028267384,8.936348e-05,0.058741495,0.018398594,0.08132068,0.008488726,0.041474942,0.012170497,0.009663474,0.22136427,0.012776275,0.032141153,0.014612237,0.008052433,0.00051122333,0.027989347,0.009522777,0.013643758,0.010128877,0.08273153,0.0017717556,0.0011329056,0.010654486,0.04301132,0.019710632,0.04231743,0.07632283
C=C(OP(=O)(O)O)C(=O)O,0.024607874,0.013850897,0.009913895,0.056990873,9.05956e-05,0.0074014203,0.00894354,0.06321836,0.0028496047,0.06394523,0.000517559,0.0012923165,0.031517386,0.027190994,0.0043041366,0.0048339725,0.007964059,0.011390421,0.8166097,6.0226117e-05,5.2810723e-05,0.030444916,5.949516e-05,0.028749568,0.013079609,0.0008911547,0.00066183746,0.002472769,0.021643462,0.009418767,0.23197852,0.00903466,0.011054969,1.6277364e-06,0.0011910383,5.6511675e-05,0.0024456088,0.021633184,0.0023523846,0.014893437,0.06985194,0.00052179815,0.00043473512,0.01542729,0.017076159,0.0069963844,0.010659081,0.011201466
OCC1OC(O)C(O)C(O)C1O,0.00076234294,0.008632985,0.003475239,0.022514846,8.568092e-14,0.005064566,0.014379436,0.00091600907,0.00025309675,0.000107247964,7.2082876e-06,3.819569e-11,0.016214345,0.0044349777,0.011356338,0.00051919674,1.0329558e-05,0.00065411127,0.039133046,3.845632e-06,4.3714217e-06,0.006561911,0.0008330572,0.009537275,0.001343298,0.00097153813,0.00092833047,3.4326179e-06,0.001238027,0.00034697397,0.101976685,0.0034126104,0.0028993092,1.0565687e-12,0.012061283,3.3725318e-08,0.00085642433,1.0367725e-06,0.00016848414,0.005767909,0.060962744,0.0017509984,9.2468134e-08,0.005894898,0.002555381,0.018310262,0.0009753741,0.0024526278
O=C(O)O,0.020500237,0.045615826,0.008087048,0.015500984,0.00034578057,0.008279072,0.002539765,0.017229175,0.012415948,0.048553463,0.0072894227,0.04258679,0.026786717,0.014506763,0.008365646,0.008934872,0.0038779762,0.022238012,0.9477243,0.08554098,0.00030319503,0.108285174,0.00051634485,0.012096641,0.040456098,0.009174003,0.052873075,0.0025749858,0.01307972,0.014111609,0.42780834,0.0035367853,0.008144603,0.058988225,0.01087933,0.10194586,0.0030394949,0.005053547,0.0052551636,0.0036831745,0.01326167,0.0020383028,0.0012523929,0.026886828,0.040064115,0.055470884,0.010434717,0.058452316
CC(O)C(N)C(=O)O,0.00677972,0.0037546132,0.009003753,0.048657287,2.6217278e-05,0.0095332535,0.0015339705,0.0078014885,0.015111549,0.060241323,0.0022283546,0.00030132022,0.01583922,0.021003364,0.020021481,0.008597097,0.006907134,0.015621725,0.092833586,0.0004440374,0.00015128784,0.01713197,0.0011819369,0.014389949,0.008358287,0.0076740766,0.008838077,0.004455544,0.010242784,0.0037082848,0.26346046,0.003043659,0.0022627143,1.9485446e-05,0.0044127647,0.00081765506,0.0017543539,0.0035863023,0.0022072531,0.056310885,0.046771728,0.010544672,0.0011711579,0.009375113,0.03101379,0.0085681835,0.00843212,0.003380223
NCCc1ccc(O)c(O)c1,0.046760306,0.09351488,0.05592693,0.24487041,2.4261293e-05,0.12800871,0.019157112,0.06295114,0.045827266,0.27100557,0.028631262,0.096563764,0.17800952,0.1792421,0.015499645,0.009189464,0.048572574,0.052862216,0.7423467,0.024812574,7.949789e-06,0.122372866,0.004131436,0.10627227,0.1011032,0.060125224,0.012133777,0.032079007,0.012765411,0.05938118,0.17082958,0.061880313,0.08336384,0.08249169,0.043321293,0.015603741,0.027167544,0.14933483,0.028789327,0.18942955,0.07886818,0.011866475,0.0033547461,0.092581324,0.10189314,0.088328026,0.06471325,0.049101233
NCC1(CC(=O)O)CCCCC1,0.03547895,0.024961906,0.021665614,0.038693693,7.507742e-21,0.013995392,0.0028822687,0.019724429,0.0025651387,0.035161357,0.00064460526,0.023056945,0.019567158,0.00809795,0.0060442155,0.013611114,0.019615585,0.035892203,0.2771553,0.0056470498,9.242013e-06,0.018679595,0.009512335,0.00609029,0.010876663,0.027574368,0.0067341556,0.009927885,0.020258754,0.0147837065,0.110020116,0.0047969967,0.015970891,0.016883163,0.0008915217,0.00087807927,0.0063657844,0.014561598,0.006226793,0.08828034,0.13964058,0.022906478,0.0011613956,0.016293282,0.008360059,0.0057883277,0.01492198,0.0044154576
O=C(O)C1CCCN1O,0.016975664,0.0048343097,0.010606101,0.030223921,2.4084032e-14,0.007212117,0.003006562,0.013150126,0.0038091305,0.013886791,0.0013381903,0.00013605917,0.01664917,0.020767754,0.021702303,0.00419068,0.0069051427,0.017841125,0.44195038,0.017408865,5.628981e-05,0.009901634,0.0038050003,0.021109307,0.0078487415,0.0036773346,0.004750869,0.009904529,0.00652038,0.0055818893,0.18170877,0.0028504543,0.0047518,8.437367e-05,0.0029190804,0.00017994049,0.0044436455,0.0037589388,0.0023780887,0.01859224,0.04545335,0.009395833,0.0018885954,0.0090890825,0.010485983,0.01960074,0.00946695,0.012269513
CC(C)CCCC(C)C1CCC2C3CC=C4CC(O)CCC4(C)C3CCC12C,0.0295539,0.0060194465,0.017045094,0.7064319,0.0,0.20662293,0.083124794,0.040178154,1.5222565e-07,0.23804736,9.021427e-07,0.010045457,0.4943331,0.000657885,5.407705e-05,5.4905183e-07,0.016296323,0.06582061,0.019444428,0.0019500906,9.53943e-08,0.0033696154,0.00037514666,0.0030600533,0.06564115,0.0008492168,0.003399246,0.00063530414,6.6885304e-06,0.013898404,0.0012697598,0.05883628,0.23013552,0.0016837848,1.1176275e-07,0.0048379293,0.009102052,0.03530508,0.0010030809,0.31530282,0.5855115,0.3331287,4.7349425e-07,0.04273739,3.5550117e-06,2.5594178e-05,0.04151941,1.13462065e-05
CSCCC(N)C(=O)O,0.024068512,0.023836788,0.013539107,0.11078288,5.604049e-05,0.012449197,0.002909777,0.010454919,0.017202858,0.037752546,0.009717833,0.0037972305,0.017956983,0.029146744,0.019644096,0.009680419,0.015972082,0.034252163,0.6052649,0.0004560039,0.0001994994,0.042849086,0.003079545,0.02204065,0.012192467,0.016009793,0.024906086,0.023159014,0.014590473,0.008271809,0.25268745,0.003650181,0.0048307506,0.0012368101,0.017779032,0.00062068994,0.0035267244,0.013953027,0.0050006374,0.08002899,0.043608584,0.016671183,0.0046550017,0.014194641,0.03505784,0.012401299,0.01570469,0.01465745
CC(C)(C(=O)c1cccnc1)c1cccnc1,0.02928142,0.08040801,0.08476795,0.58429253,0.004059025,0.21441935,0.05694651,0.07651775,0.0292216,0.05511693,0.036076292,0.023014363,0.11313931,0.08440064,0.017764665,0.010399002,0.06774589,0.055840384,0.822094,0.0045633037,0.0031878112,0.041388266,0.0026813173,0.07048458,0.14128241,0.0831021,0.042842947,0.005640031,0.014714249,0.13294718,0.05190085,0.31554982,0.16908891,0.014004878,0.026957896,0.0060455333,0.1075114,0.25934413,0.06001433,0.44552517,0.37662363,0.028590405,0.0007918458,0.17744619,0.021661915,0.025126262,0.09311227,0.03144955
O=C1C=CC(=O)C=C1,0.11851012,0.44825938,0.059604477,0.2220159,1.6474587e-10,0.006604725,0.20938186,0.14407606,0.008318768,0.12454762,0.008940117,0.018643748,0.12028822,0.21276528,0.123168275,0.21490164,0.004374178,0.07582781,0.76281935,0.12351932,4.5665915e-10,0.2949339,0.07550328,0.053626955,0.13069797,0.056528904,0.11472998,0.010649778,0.28461462,0.06401204,0.26490027,0.12918918,0.12956291,0.13128181,0.17997953,0.04410194,0.09642525,0.0077430042,0.2583072,0.08545601,0.1545697,0.011818021,1.8126717e-06,0.011025325,0.04414897,0.0009841415,0.104796536,0.06805587
CC1CC2C3CCC4=CC(=O)C=CC4(C)C3(F)C(O)CC2(C)C1(O)C(=O)CO,0.08304833,0.030731332,0.05801473,0.6631804,0.0,0.32582724,0.3888201,0.09258023,2.5767688e-06,0.23393498,2.6044909e-05,0.00024460006,0.3615622,0.04929601,0.0040181726,0.004757446,0.0059555136,0.07083297,0.26014307,0.0022054247,8.648768e-12,0.046023745,0.27759987,0.030829893,0.103637874,0.0023744262,0.01776544,0.0017655105,0.047916472,0.068563886,0.00064807484,0.34546798,0.28931037,1.4809873e-09,8.4144034e-05,4.8839334e-05,0.020836283,0.010076692,0.017035676,0.46968752,0.58767736,0.059980836,2.9206376e-08,0.0635178,4.9848222e-05,0.00016293174,0.052607685,9.9522265e-05
CCCCC(=O)N(Cc1ccc(-c2ccccc2-c2nn[nH]n2)cc1)C(C(=O)O)C(C)C,0.051889952,0.009808294,0.06846506,0.887579,4.2009873e-08,0.44851527,0.06092548,0.24623778,0.010980732,0.11920513,0.0016131342,0.004069208,0.33232415,0.1797744,0.005751593,0.00068154384,0.10896356,0.15538299,0.20716503,1.8986339e-05,5.892505e-06,0.045510758,1.061662e-05,0.06860623,0.022289766,0.003788483,0.033014942,0.0027378583,0.001984604,0.09398866,0.0045819557,0.16410954,0.104285814,0.00016235172,0.00022995465,0.0005547836,0.103879906,0.07883788,0.0538061,0.7742321,0.43936473,0.046535242,2.380696e-05,0.24492444,0.02842514,0.0009800676,0.16930662,0.0004697071
CC(C)OP(C)(=O)F,0.034952328,0.026642242,0.03472755,0.12634353,0.0012970348,0.05315475,0.020902418,0.055685345,0.0064474363,0.07761444,0.0010188397,0.03747755,0.041280348,0.013298711,0.0012477089,0.0024574834,0.03095964,0.039288677,0.8305952,7.867594e-06,0.007609105,0.020451535,6.802289e-05,0.024255617,0.027652362,0.00023588739,0.00021045962,0.03663937,0.002282207,0.01673509,0.2746626,0.07769794,0.06977949,2.9902731e-09,0.00019352902,1.6601141e-05,0.029245893,0.031636886,0.011583187,0.047406167,0.16052794,0.03177804,0.014661043,0.04696572,0.008395544,0.0022044994,0.039690375,0.0025239703
NC(CC(=O)O)C(=O)O,0.006980114,0.0038985817,0.003615134,0.01933804,3.5430905e-06,0.0036332342,0.0021302742,0.005522525,0.013699847,0.033991143,0.0066154427,0.003558028,0.007697293,0.013533282,0.01974714,0.013195177,0.0031420323,0.011590083,0.073069185,0.0052675316,1.0920506e-06,0.024801968,0.001238753,0.007180464,0.0045489483,0.006505037,0.029614845,0.0026636815,0.015641265,0.0045813015,0.25490707,0.0005488445,0.0008515587,0.00058172,0.0033827317,0.0030109328,0.0009676468,0.0022446283,0.0036040857,0.018050078,0.028719625,0.004225036,0.0004096516,0.00578813,0.026691625,0.00645824,0.0059838286,0.009267846
CCC1(O)C(=O)OCc2c1cc1n(c2=O)Cc2cc3ccccc3nc2-1,0.1464177,0.16305412,0.35819972,0.42682162,8.3885996e-14,0.49232998,0.31861863,0.19382519,0.19192357,0.32063103,0.08841687,0.0044183196,0.58073735,0.22600657,0.29552495,0.07477439,0.3205242,0.30721933,0.78889626,0.073462114,0.001407463,0.32233068,0.012049721,0.22409281,0.18870002,0.14353897,0.27129623,0.11792114,0.24065769,0.06429452,0.0032765684,0.51908404,0.30618563,0.000341308,0.053402726,0.0069354023,0.2565505,0.28097507,0.22454673,0.5466864,0.5419821,0.25105032,0.023802714,0.21142206,0.070596814,0.016048765,0.2713025,0.061092578
CC12CCC(=O)C=C1CCC1C2C(O)CC2(C)C1CCC2(O)C(=O)CO,0.05721419,0.010362714,0.03300074,0.4459854,0.0,0.2529813,0.18798216,0.05685113,1.3844335e-06,0.10913989,1.2643717e-05,0.00033998775,0.2207843,0.011060795,0.0018399967,0.003465198,0.014082225,0.038946334,0.28500837,0.003975565,4.824667e-08,0.013886654,0.12286353,0.008832469,0.05471653,0.002149826,0.007867657,0.0011028396,0.012058828,0.011319014,0.001275738,0.13060457,0.1528537,0.0002601889,1.9908694e-05,0.0007763019,0.011838195,0.013017721,0.0038521127,0.23948571,0.5265932,0.103823446,6.1045245e-07,0.019770147,1.8072249e-05,0.00013521835,0.02852938,0.00015034662
NCCCCC(N)C(=O)O,0.016383749,0.0067706103,0.009975975,0.050828826,2.3271217e-07,0.0058614,0.0009768808,0.008698283,0.014981245,0.036240835,0.0026892384,0.003061031,0.012713434,0.015809255,0.0051043876,0.009359974,0.0042519956,0.024499567,0.26666218,0.00064671005,2.2321687e-05,0.021174792,0.0020467706,0.01562809,0.012194241,0.0063507636,0.0033018508,0.012078995,0.013143537,0.0038837607,0.22857837,0.0018719131,0.0028057832,0.0006066354,0.0074670766,0.00015045116,0.0020816838,0.005590264,0.002482926,0.106689185,0.03042344,0.014473205,0.00046481506,0.0055951835,0.031774513,0.007687134,0.01419892,0.0047565135
C=C(C)C(=O)O,0.030674223,0.07298111,0.010661087,0.053281248,0.00036828776,0.00911937,0.010669687,0.04670491,0.035166625,0.091158174,0.037004527,0.0018741168,0.04279957,0.030782636,0.04472317,0.008904042,0.010159329,0.033594884,0.640081,0.031025639,3.0888415e-05,0.07236521,0.0047922465,0.012811127,0.02373767,0.05493286,0.066454925,0.00913382,0.04142912,0.011294088,0.3453264,0.0070444504,0.027454523,0.0036279196,0.03425232,0.014444362,0.01123079,0.010512893,0.006429805,0.023857495,0.03710147,0.0062232534,0.0020885319,0.011748957,0.04667435,0.020034784,0.03620425,0.061481107
O=C(O)CCCCC1SCC2NC(=O)NC21,0.016150456,0.008142747,0.0054859514,0.04896119,4.1172313e-21,0.0049975445,0.0065436433,0.012095297,3.0129146e-05,0.00797363,8.708512e-05,0.00011022592,0.058648877,0.014691163,0.027905637,0.00045019493,0.0001320188,0.018918598,0.51562065,0.00044456002,9.514804e-09,0.0072358735,0.00032953828,0.016134469,0.030065998,0.00013591355,0.06172377,0.0021394438,0.00147838,0.0034456982,0.05581463,0.0012749861,0.0037191864,1.7624747e-05,0.0001317346,5.8527716e-05,0.0048094923,0.0006409235,0.0026774716,0.014952191,0.012656362,0.016668377,5.823323e-07,0.0085127875,0.0010867873,0.0002451043,0.008614432,0.00089326216
CC(C)NCC(O)c1ccc(O)c(O)c1,0.021626584,0.02142918,0.033806983,0.0859076,1.546006e-05,0.069059506,0.02045793,0.03348921,0.016755525,0.12921165,0.001993869,0.003165991,0.11846318,0.097919196,0.0058546993,0.00066857366,0.032425642,0.023891639,0.7838448,0.00027371253,7.781639e-06,0.040060725,0.00014157542,0.11435118,0.040679257,0.0063679833,0.008958336,0.0134840235,0.0005483044,0.02646454,0.097413115,0.039072823,0.019115314,0.00028627543,0.0051232935,0.0018535728,0.007403908,0.03227798,0.0044340957,0.06491309,0.067938864,0.02698095,0.00092185294,0.07804961,0.06918802,0.036344793,0.029517077,0.003806497
OCC1OC(O)(CO)C(O)C1O,0.003979629,0.016801858,0.009524936,0.04430756,1.5823768e-13,0.014316412,0.01782045,0.0033377602,0.0013437266,0.00031235215,8.880342e-05,5.8519634e-11,0.029475143,0.01048643,0.009568077,0.0014912745,8.209903e-05,0.0018908575,0.07762385,4.5446384e-07,3.442995e-05,0.014603534,0.0029020028,0.017166134,0.0015231015,0.005357324,0.0015019644,4.323526e-05,0.003869062,0.00072485715,0.08815105,0.008890561,0.010414789,4.1515927e-12,0.026548177,1.6237721e-09,0.0016099534,9.584753e-06,0.00033377353,0.01375595,0.15566218,0.002008447,1.3630362e-06,0.010434146,0.0057727755,0.03519209,0.002073849,0.0033783426
O=CCC=O,0.009270474,0.036817595,0.017707562,0.06968659,0.0042921514,0.008838089,0.03352169,0.009162455,0.030880084,0.042726517,0.045603678,0.02117884,0.012947984,0.012478389,0.036229003,0.07022581,0.01295803,0.02050279,0.21678567,0.02972821,0.0014361003,0.040759616,0.039269038,0.01127111,0.009661224,0.012211302,0.03668718,0.006941165,0.06329438,0.01080176,0.40268755,0.008662474,0.008419937,0.0007696468,0.0062509496,0.0356666,0.01943311,0.014701692,0.022683218,0.044525973,0.07946074,0.0023582724,0.006932552,0.015661437,0.029938914,0.010226945,0.016172186,0.012430959
O=P(O)(O)OCC(O)CO,0.003772828,0.003057023,0.0076048328,0.03559537,2.2062022e-06,0.0075110113,0.0038321174,0.011232056,0.0019215543,0.01075533,9.88038e-05,7.591787e-06,0.0076901936,0.009772948,0.0008716995,0.0023187725,0.0007583719,0.003084597,0.28008333,2.4338693e-08,0.00073384447,0.01636431,4.7416157e-05,0.020470781,0.0041392287,5.6198896e-05,5.5433236e-05,0.0001319413,0.0043881135,0.00123085,0.22837926,0.00929277,0.0041574,4.1742045e-09,0.0022576766,7.241039e-08,0.0013136499,0.0014183242,0.00018035513,0.015201464,0.08073932,9.872581e-05,2.85384e-05,0.010528773,0.016051643,0.00646008,0.0015649848,0.0024755038
NCC(O)c1ccc(O)c(O)c1,0.03324286,0.06495556,0.053448576,0.25328264,2.1900127e-05,0.12590891,0.011372153,0.04753547,0.045871325,0.20022693,0.01251146,0.023362,0.11492668,0.17853293,0.012992913,0.0059707877,0.043279316,0.03704426,0.7949018,0.0055292672,7.980127e-06,0.08957035,0.0021266928,0.11055362,0.097580105,0.042700954,0.0063645234,0.012187678,0.0096699465,0.050214954,0.14023767,0.04526353,0.038195234,0.01700933,0.045354582,0.0049118455,0.013424686,0.06413335,0.02628826,0.17772809,0.088819325,0.011095581,0.0011209453,0.07511915,0.11881224,0.08867825,0.047984008,0.03206342
ClCCl,0.063774854,0.12914608,0.066380374,0.06147567,0.009323862,0.044704814,0.066030204,0.046373334,0.01987628,0.09489274,0.008551547,0.0377822,0.053523418,0.021631656,0.022503303,0.051886287,0.017292403,0.075900294,0.5814568,0.021613438,0.030990567,0.09211683,0.0043340316,0.038167115,0.056603465,0.013573317,0.03274574,0.02037707,0.03889558,0.052879907,0.4492923,0.04594111,0.09318568,0.04997827,0.019676032,0.03391637,0.037956417,0.030756243,0.044627048,0.047709532,0.06643119,0.02490212,0.029556595,0.05382009,0.03534084,0.022084884,0.046700273,0.034805264
CCCC1OC2CC3C4CCC5=CC(=O)C=CC5(C)C4C(O)CC3(C)C2(C(=O)CO)O1,0.062914744,0.0732394,0.029853912,0.74155545,0.0,0.14693803,0.21554053,0.038172882,1.4625387e-07,0.18699105,2.9766145e-06,8.987216e-06,0.6043969,0.031604886,0.0018941145,5.0548028e-05,0.0041576396,0.02973909,0.32791054,0.00016463945,3.5998357e-10,0.011972025,0.009336785,0.006603077,0.1378863,0.00029375992,0.012539104,7.3413794e-05,0.00089638564,0.057430364,0.0004004666,0.2576157,0.30959922,7.179082e-09,7.911421e-06,1.4077069e-06,0.014566368,0.012705578,0.0023872626,0.536343,0.55301714,0.071024574,6.45355e-10,0.021711864,1.0721653e-05,2.5343135e-05,0.024252046,3.725955e-05
O=P(O)(O)C(O)(Cn1ccnc1)P(=O)(O)O,0.030185727,6.6283965e-06,0.091383494,0.45148122,0.0007067523,0.14383893,0.0076722465,0.49879864,0.0004044314,0.11295666,1.2274495e-06,3.512293e-08,0.01672217,0.076050416,3.014883e-05,0.0044741533,0.0023272363,0.007460552,0.1986415,6.436464400000001e-17,0.0033616975,0.002187961,8.454555e-06,0.08109052,0.0013800353,2.1808341e-06,2.614397e-10,0.023493262,0.023801789,0.040326808,0.049401052,0.28734192,0.084719405,7.196336e-22,3.3794317e-05,1.8944281e-13,0.017034175,0.0059954408,0.00051735976,0.50661874,0.52688915,0.091026574,0.0011029405,0.025740912,0.0008773261,0.0005008381,0.12751219,2.1626973e-05
CCCCCC,0.033820804,0.055996608,0.03637898,0.10410178,0.002570961,0.03447518,0.020500889,0.027100245,0.027259916,0.04203817,0.033183396,0.048936237,0.05344775,0.017282553,0.010738297,0.018116212,0.04486595,0.057125885,0.33273625,0.022121364,0.023806963,0.07843659,0.024264254,0.01651826,0.025537208,0.03125979,0.0367066,0.057459246,0.013540179,0.022878814,0.3551056,0.033538725,0.05125818,0.030473785,0.018336633,0.031114938,0.04733868,0.053535517,0.024473095,0.047646683,0.09202007,0.020083163,0.014894093,0.044982694,0.023091512,0.018676082,0.02875668,0.029931374
O=c1cc[nH]c(=O)[nH]1,0.009041069,0.024827778,0.00786131,0.014721072,0.00064392004,0.0013224492,0.010423291,0.018212264,0.008112959,0.021058854,0.0017615871,0.002670334,0.020475492,0.037173025,0.005312742,0.018480036,0.001600168,0.01812271,0.41510755,0.008258548,7.260223e-05,0.0084956875,0.0005892967,0.013851931,0.017387643,0.0010372665,0.0048255636,0.0041194744,0.023825983,0.0044850362,0.26020736,0.0031497783,0.015162098,0.0005104097,0.0011120373,0.004645079,0.024358679,0.00047588968,0.008168358,0.014866149,0.04401593,0.006607019,0.0010830784,0.0038985743,0.0019675714,0.000717243,0.014141142,0.0009161919
c1ccc(Oc2ccccc2)cc1,0.042995304,0.23059194,0.110871665,0.67215943,0.016255867,0.3136976,0.08448931,0.09808247,0.18840931,0.15209544,0.24450293,0.08698164,0.13017179,0.22676767,0.055439766,0.014148555,0.5479762,0.073044345,0.5406179,0.08495603,0.027665453,0.27807903,0.0035531675,0.094710775,0.0553847,0.218933,0.07272742,0.017746894,0.02184574,0.12871304,0.13772246,0.27748293,0.18347365,0.048876442,0.22532563,0.06427778,0.07438326,0.5935829,0.039031755,0.06845408,0.4778446,0.18189114,0.022026958,0.34945706,0.15973884,0.111281596,0.06975918,0.28633276
NC(Cc1cnc[nH]1)C(=O)O,0.014589966,0.005341107,0.012384305,0.09700453,1.1120675e-06,0.01045787,0.007093093,0.028708167,0.01189344,0.04412465,0.003925442,0.0036561012,0.020926643,0.06351287,0.009146275,0.010430311,0.009922501,0.027709382,0.3562769,0.0010784735,3.7847074e-06,0.008530502,0.00076499843,0.037001427,0.021031825,0.0039991955,0.005040543,0.0059352685,0.010409871,0.014520485,0.17075251,0.0042906823,0.004714792,0.00043194494,0.0030066022,0.0005414132,0.007458165,0.00972639,0.00839961,0.22278029,0.06614475,0.023357473,0.00019740794,0.014886659,0.018204013,0.007845842,0.02392985,0.0028152862
COc1c(C)c2c(c(O)c1CC=C(C)CCC(=O)OCCN1CCOCC1)C(=O)OC2,0.04726228,0.040130254,0.18529257,0.32762656,9.487042e-24,0.09215235,0.06608631,0.056035034,0.004935048,0.124261886,0.00025780255,2.703726e-05,0.07943281,0.0150384465,0.07284675,0.00074615807,0.009309203,0.10921481,0.78139496,9.2098606e-05,3.4692462e-07,0.007557817,0.0011796858,0.02935877,0.02456771,0.006768674,0.007540772,0.02100089,0.03812763,0.10467768,0.0042471937,0.026660852,0.016799677,3.0655513e-06,0.0011701437,3.603584e-07,0.02747587,0.041941337,0.032218162,0.7830439,0.17325616,0.005025237,0.0012273899,0.08782638,0.0060733007,0.016804963,0.04127928,0.0015715858
CCCCO,0.023304343,0.050420597,0.024195516,0.0667879,0.0027099561,0.024592279,0.011671664,0.016514,0.026988914,0.030861376,0.024012523,0.011447219,0.03247985,0.015736358,0.010209454,0.02457171,0.014298403,0.033598017,0.71946955,0.008909746,0.010214582,0.08119801,0.021838734,0.01429925,0.016643565,0.024336122,0.019410638,0.017285291,0.019301672,0.015451216,0.38825268,0.022560712,0.030118354,0.0127679,0.030359913,0.009235835,0.020304179,0.023141487,0.01361787,0.033347245,0.0730741,0.006369392,0.0072257444,0.029806765,0.029355109,0.031377226,0.021834986,0.03839498
CCCCCC=CCC=CCCCCCCCC(=O)O,0.011683172,0.03432545,0.018850446,0.57326037,9.656255e-13,0.023392586,0.04727929,0.028979542,0.002241155,0.10035262,0.00241572,0.0017217499,0.033865977,0.003467542,0.00077336025,0.00027155926,0.004957837,0.034157693,0.16294254,0.0002871808,2.6563987e-10,0.06142994,0.00048739577,0.002761252,0.0003994181,0.0033034568,0.11458452,0.002197434,0.0013258542,0.05169107,0.09447995,0.005713907,0.0035338455,2.463512e-05,0.0009089984,0.0010484104,0.018950129,0.0052383025,0.032333046,0.31714892,0.13510159,0.0054722787,1.1731141e-06,0.059799038,0.0033411598,0.0011325992,0.030898115,0.0004728621
CC(C)(C)NC(=O)C1CCC2C3CCC4NC(=O)C=CC4(C)C3CCC12C,0.04099362,0.0027129834,0.0135240285,0.52884674,0.0,0.021582766,0.030478125,0.11661031,3.2368863e-08,0.15652524,4.6308543e-07,0.0011231819,0.64284426,0.0048775855,0.00044494795,9.638486e-06,0.0066854465,0.045440063,0.42039856,0.00020424539,5.90734e-11,0.000908888,0.00010375633,0.0025598444,0.10631622,0.00033815377,0.006914625,0.0020856217,1.49132875e-05,0.011296649,0.0016856228,0.036034,0.197181,0.0011833463,3.5867558e-08,0.0019682765,0.020414941,0.026071865,0.0011138502,0.2717674,0.5077654,0.12930241,6.330568e-08,0.0056668012,3.07136e-06,1.1521413e-06,0.034932572,4.6599876e-06
OC1C(O)C(O)C(O)C(O)C1O,0.00030664713,0.0022171733,0.0025879226,0.015043245,7.445564e-14,0.008262575,0.03265174,0.0004974327,7.699772e-05,1.1979828e-05,4.3821533e-06,2.799048e-12,0.010947293,0.0026159426,0.013201759,0.0011934583,1.7190026e-06,0.00037616998,0.01439628,0.0001236918,8.997274e-07,0.005466041,0.0016308321,0.012826092,0.00036614772,0.00026089116,0.0012642858,2.7760245e-06,0.00060890993,7.88912e-05,0.089828126,0.0021546367,0.0014352753,1.0575911e-12,0.00819078,2.73375e-06,0.00062179187,3.4230936e-08,0.0001440696,0.0028672256,0.09646521,0.016854906,2.3546086e-08,0.005219603,0.0018283126,0.012863541,0.00088073045,0.0010513519
NNC(N)=O,0.01790156,0.029854568,0.007010816,0.023590274,5.373823e-05,0.0019405135,0.00034064832,0.021321224,0.0455889,0.055774733,0.0053515593,0.0012219115,0.018093262,0.059529185,0.03159893,0.012396499,0.003233173,0.020602416,0.9803962,0.0009224574,0.00056506833,0.027901491,0.00035841682,0.06684081,0.02812735,0.018116377,0.00030949523,0.003495756,0.01682262,0.001658043,0.3916485,0.0030466178,0.008285331,0.0009336051,0.0114130005,0.000111252,0.001401979,0.014080352,0.00078044593,0.02869598,0.02040434,0.0008486401,0.0017403133,0.004063704,0.08442744,0.028649643,0.009644245,0.01750708
NC(Cc1ccc(O)c([N+](=O)[O-])c1)C(=O)O,0.057841524,0.029319558,0.045637723,0.29559916,4.384695e-06,0.095792584,0.012935033,0.093037106,0.02790628,0.11986855,0.009367233,0.012024763,0.102764644,0.096128546,0.013530187,0.0025597042,0.060940806,0.06935502,0.5312418,0.004883999,1.5267096e-06,0.048569236,2.2520164e-09,0.05744959,0.060785126,0.023234025,0.014925912,0.010565692,0.016067812,0.033846427,0.08192248,0.017575072,0.032930255,0.0038303307,0.022789072,8.2331106e-05,0.0072346507,0.04761913,0.020393796,0.13790314,0.12795246,0.025955122,0.0011177001,0.04135729,0.036908064,0.017197281,0.06832186,0.015502805
COP(=O)(OC)OC=C(Cl)Cl,0.022149447,0.17339063,0.041513547,0.22696194,0.010041774,0.071601495,0.07195565,0.09443325,0.002802907,0.070203446,0.00024087769,0.001667564,0.040021528,0.03721439,0.0060839285,0.0015744788,0.0658695,0.023206554,0.9667849,1.7660521e-07,0.039127912,0.019517154,5.069026e-07,0.07173793,0.04386572,0.002516646,0.00045145932,0.06573093,0.012526558,0.060930096,0.19454035,0.10638353,0.18479463,1.12561985e-07,0.0008917476,6.205529e-06,0.014538099,0.045383092,0.040060505,0.11274367,0.1789232,0.0010615699,0.021303173,0.08973166,0.0028635743,0.0007162,0.022098033,0.0041825795
CC12CCC3c4ccc(O)cc4CCC3C1CCC2O,0.07966663,0.036506727,0.04678135,0.54378235,7.1886066e-35,0.5037168,0.19957756,0.07524021,0.00017783073,0.17960493,0.00097189826,0.079247005,0.62390584,0.041277602,0.005961631,0.0006140829,0.10880791,0.08790088,0.23625515,0.17273733,1.2064945e-05,0.053065863,0.009529625,0.07438001,0.12040316,0.015210926,0.0078945905,0.0105424775,0.0011686678,0.031747695,0.007752096,0.14210884,0.44090647,0.06799339,0.00035501362,0.08677778,0.023631124,0.20008564,0.012300653,0.2043557,0.544669,0.13264914,0.0001534017,0.16169183,0.0010790476,0.00741025,0.061634026,0.006911993
COc1ccc(C(CN(C)C)C2(O)CCCCC2)cc1,0.1774403,0.10014566,0.12109898,0.22959779,1.8950964e-17,0.25355735,0.036241867,0.24974899,0.0072118975,0.350759,0.0020405576,0.0087741185,0.61349154,0.024366505,0.013910389,0.00090182346,0.2887939,0.124228954,0.85206246,0.0016038663,0.002266083,0.028837303,0.0009828148,0.04291332,0.11540375,0.109764986,0.007211805,0.05735506,0.0010290135,0.06560051,0.026553081,0.17952065,0.41136733,0.0041108723,0.002421227,0.0010523807,0.041044123,0.17526077,0.024396358,0.28480116,0.43871215,0.12544455,0.004048233,0.15622489,0.016091714,0.009079725,0.10378561,0.0047102077
CC12CCC(=O)C=C1CCC1C2CCC2(C)C(O)CCC12,0.068245284,0.016507627,0.027778896,0.37370294,0.0,0.2017803,0.16947946,0.060122006,3.0597273e-06,0.1647233,2.3354274e-05,0.0199714,0.32486787,0.0070523196,0.0019077401,0.00059828896,0.05024033,0.07770583,0.17065495,0.07541033,3.9688484e-07,0.015336439,0.039132573,0.0067383735,0.082273714,0.0072915484,0.006010825,0.0041165273,0.0019034848,0.014677558,0.0042893277,0.06295397,0.2686569,0.022102026,2.838632e-05,0.016318865,0.018405506,0.055533953,0.006748022,0.16813302,0.5225376,0.16385706,5.319961e-06,0.02301547,2.8460641e-05,0.00018987378,0.043599147,0.0008955704
CC12CCC(=O)C=C1CCC1C2C(O)CC2(C=O)C(C(=O)CO)CCC12,0.014862561,0.00731596,0.0198956,0.5720265,0.0,0.14709716,0.21856388,0.037973344,7.2865424e-07,0.040368088,1.744688e-05,0.0010331293,0.1198766,0.0073454515,0.0014416662,0.004560744,0.01544891,0.021003243,0.4976589,0.003401633,9.622903e-09,0.005509953,0.12616718,0.0038262173,0.018058987,0.00034728835,0.0077567697,0.00017818598,0.006559776,0.008573063,0.0017567097,0.07501013,0.07257551,3.5792764e-05,4.965248e-06,0.0016751382,0.010078115,0.013949019,0.0035492934,0.22374347,0.53593564,0.047042463,1.05980064e-07,0.0076767537,1.42967065e-05,4.4666973e-05,0.018097242,8.696662e-05
CCCN(CCC)C(=O)C(CCC(=O)O)NC(=O)c1ccccc1,0.022525663,0.006584801,0.05423069,0.52308553,1.6359778e-08,0.060191974,0.026366264,0.074805744,0.008097463,0.041003752,0.00813576,0.0061052917,0.07743644,0.017389365,0.0117257815,0.012545487,0.064141914,0.02994935,0.44241142,0.00027112514,2.1449912e-06,0.028260173,0.0008566252,0.009511851,0.008086884,0.021771593,0.06437194,0.009201837,0.022513345,0.08192164,0.029895563,0.026631847,0.025305135,0.00045904564,0.0016561924,0.0022172546,0.023039218,0.065438904,0.011426281,0.2569322,0.22443953,0.122930005,0.00067208114,0.06732615,0.018094646,0.0015724285,0.0273003,0.0042620436
OCC(O)CO,0.007606305,0.016380375,0.0096917255,0.03121644,6.940136e-05,0.009836871,0.0036422596,0.0051833107,0.01714012,0.01447524,0.0034824032,2.105785e-05,0.011777827,0.008647177,0.004235027,0.014627192,0.00087065314,0.009521573,0.16335537,4.4721655e-05,0.00036100278,0.049684957,0.0058297818,0.008890847,0.0028734787,0.008526881,0.00362834,0.001008432,0.011414341,0.0029034864,0.3456192,0.0076017673,0.009773515,4.470025e-05,0.041686375,5.522835e-05,0.0027783478,0.00087246066,0.0019225917,0.016563395,0.06287932,0.0011031249,0.00030667608,0.013305257,0.02776371,0.04141883,0.0063772737,0.019629551
NC(=O)NCCCC(N)C(=O)O,0.011998823,0.0025424748,0.0034016261,0.012393428,5.9457115e-09,0.0015492013,0.00081413315,0.012158361,0.014820477,0.024214571,0.0035010055,0.00047071223,0.0072097676,0.018701464,0.013601413,0.00733173,0.0013932235,0.014857437,0.29956403,0.0002444646,6.6703046e-07,0.015698588,8.563444e-05,0.018904062,0.0063916664,0.0064898096,0.0022702643,0.0050276197,0.010046515,0.0012097112,0.19078007,0.0006236231,0.0014903409,0.00012463554,0.0015482885,4.3102413e-05,0.0008775925,0.0020459117,0.00025315201,0.025218075,0.018039022,0.0020537719,0.00017021628,0.0029293937,0.035467517,0.006206237,0.007434461,0.00526223
c1ccc(C2CN3CCSC3=N2)cc1,0.09439001,0.0703923,0.11268281,0.47324103,2.5163742e-19,0.2686626,0.06356013,0.08315713,0.0068265437,0.16116253,0.029564772,0.00013851616,0.13417533,0.067049846,0.045138244,0.0009477725,0.12404436,0.16101444,0.8528985,0.010212505,0.00044452335,0.065445475,0.0027979028,0.04979379,0.058805272,0.098726876,0.06610027,0.043570038,0.0033858854,0.06512833,0.06278371,0.0849889,0.12261428,0.00074023963,0.052668776,2.0533502e-05,0.06241009,0.22499506,0.047124337,0.18856637,0.42019287,0.258973,0.0019676397,0.20372505,0.031785782,0.04286907,0.050872065,0.09852836
O=[N+]([O-])OC1COC2C(O[N+](=O)[O-])COC12,0.08696322,0.39084548,0.040793177,0.14161372,3.696219299999999e-18,0.04943401,0.0425196,0.088538244,0.0019634876,0.0810477,0.0007761099,4.6433066e-05,0.51299155,0.0065027853,0.03666329,4.1925254e-05,0.00057876436,0.031801503,0.92941356,0.00032956968,0.001679403,0.0088041155,3.673257e-15,0.0076859016,0.21884522,0.0008807904,0.000395857,0.00039034034,0.0026074713,0.009289488,0.05032769,0.07867936,0.2589444,1.676067e-07,0.0019137439,4.739916e-10,0.004876572,0.03179226,0.011330637,0.03064832,0.081031755,0.007657635,7.9930214e-05,0.02390221,0.0021883526,0.015723422,0.015757797,0.005636395
CC12CCC3c4ccc(O)cc4CCC3C1CC(O)C2O,0.03806891,0.02176758,0.029302461,0.41574338,2.7670933e-34,0.44241276,0.22779034,0.03346955,7.469001e-05,0.051821303,0.00046310257,0.0028020674,0.54473126,0.034732945,0.0060928967,0.00035297862,0.03880453,0.036552157,0.2803483,0.074077316,4.755828e-06,0.029221607,0.0054584746,0.075408846,0.06650935,0.0077074836,0.006000899,0.0020760037,0.00059574225,0.012941446,0.0061445916,0.095271364,0.2991174,0.0021613035,0.00027292635,0.025940834,0.012171495,0.027526855,0.005280056,0.13775879,0.5082087,0.14283869,1.6890588e-05,0.1276091,0.00087509654,0.006747501,0.032985788,0.0030898242
NC(CCC(=O)NC(CS)C(=O)NCC(=O)O)C(=O)O,0.004104137,0.00040053853,0.0018592125,0.07772459,7.413946e-11,0.0014820901,0.0007461766,0.0033803405,0.0021322079,0.005169675,0.00057907554,4.9216032e-05,0.004417374,0.008293688,0.011139007,0.013397498,0.0015274937,0.0066278134,0.21776547,6.5842113e-07,2.5818679e-11,0.0050409758,0.00021676921,0.005338468,0.0002701341,0.00102479,0.020158036,0.0011364071,0.022478554,0.0009921555,0.06595103,0.00016043244,0.000107371976,6.032328e-07,0.00016785075,1.4715262e-05,0.00015536736,0.0012467515,0.00038064434,0.14367986,0.020975534,0.004243132,3.2969874e-05,0.0018109048,0.011064692,0.00053380296,0.0022367416,0.0007715178
CN(CC(=O)O)C(=N)N,0.019465905,0.023938136,0.005231548,0.007004426,1.0864386e-07,0.005274682,0.0015038821,0.02523148,0.018530942,0.040675238,0.012922043,0.0008388222,0.02472622,0.026682062,0.038742527,0.0050424896,0.004578958,0.021056496,0.68292445,0.0002450062,7.117568e-08,0.045702927,0.00017239443,0.02492878,0.014358408,0.020513086,0.006818479,0.004575258,0.012858257,0.0060417065,0.2545317,0.0023623393,0.009552403,0.0021803083,0.004907233,0.00023588965,0.0013742083,0.0075815525,0.00038340964,0.012212475,0.029510599,0.00047203503,0.0021824723,0.0121722985,0.054444272,0.023360917,0.015839718,0.028458742
O=C(O)CN(CCN(CC(=O)O)CC(=O)O)CC(=O)O,0.011300544,0.00017936577,0.0011517693,0.00021754256,2.0482092e-13,2.458112e-05,2.7333765e-05,0.00090402504,0.00040418087,0.0014266171,1.1799825e-05,4.9063914e-07,0.0011793143,0.0011056272,0.011606795,0.0021939152,1.25473825e-05,0.0025847664,0.8039014,2.9693146e-07,3.2030263e-09,0.00064992585,7.129611e-06,0.00038205055,0.00012785972,6.6974153e-06,0.0044328393,0.000114910785,0.009664341,0.002608992,0.07055839,1.0285805e-05,5.247433e-05,5.6894616e-05,2.072765e-06,1.0105839e-05,8.283673e-06,3.230779e-06,5.4399803e-05,0.00028344983,0.0015067538,0.0034752404,0.0001523093,0.0018013829,0.006883983,0.0008353047,0.0007347167,3.2767202e-05
c1ccc2nccnc2c1,0.020525808,0.16324921,0.028390061,0.1517971,0.0019043457,0.095269166,0.038706917,0.04674671,0.086975716,0.03941285,0.14683482,0.04238215,0.0658012,0.24611005,0.051523305,0.015320504,0.05910906,0.045596525,0.81102204,0.026594428,0.024396734,0.1561341,0.0035629591,0.34599257,0.044062145,0.10673565,0.03914925,0.007398509,0.02039044,0.027280923,0.16708627,0.115633614,0.0803091,0.0070484104,0.13204123,0.015652088,0.06618925,0.104674704,0.029238366,0.08943422,0.31461722,0.027528156,0.005058354,0.13383767,0.07519812,0.12032263,0.046999443,0.17294364
Cc1ncc(CO)c(CO)c1O,0.019676583,0.03492064,0.032480866,0.17277986,2.0905558e-05,0.057800144,0.042928305,0.049502775,0.018316485,0.031380914,0.013196735,0.00047669924,0.04484302,0.057197724,0.01529229,0.014572501,0.020120198,0.029750679,0.5271494,0.0014350647,0.0001908481,0.04037433,0.026579013,0.045570627,0.048272543,0.021805955,0.022400673,0.008670217,0.022920335,0.025959251,0.12386021,0.042611267,0.02940763,0.0015968523,0.021549867,0.00067295093,0.029468987,0.026184717,0.022921914,0.15193768,0.060192894,0.0016311078,0.003565789,0.0821232,0.017069327,0.07621633,0.03872101,0.024752699
Cc1ncc(CO)c(C(=O)O)c1O,0.013851189,0.028936107,0.018406402,0.094365865,0.00012577439,0.035324816,0.033016365,0.026475033,0.022335352,0.017703887,0.018063625,0.003192201,0.021193618,0.055174552,0.021060785,0.0106046,0.042156305,0.022858175,0.5957188,0.006884126,1.5308477e-05,0.045306083,0.014582119,0.040019367,0.021198401,0.024326902,0.056622226,0.005851625,0.025260922,0.029274227,0.10917838,0.0074702078,0.010265318,0.0039199144,0.024104133,0.0039102593,0.0184045,0.046475068,0.01764333,0.04632429,0.0378998,0.0010734996,0.0032457057,0.0572143,0.027732579,0.06850922,0.027317816,0.04432169
NC(CCS)C(=O)O,0.018541275,0.021410536,0.009133077,0.10169612,2.693635e-05,0.010255351,0.0019359916,0.008451874,0.015133748,0.027986526,0.008172922,0.00210695,0.01356463,0.030889468,0.016670417,0.01363011,0.0073638107,0.027360002,0.7001948,0.0005708305,3.712516e-05,0.04676669,0.0046864375,0.013961492,0.007085997,0.008320164,0.021073153,0.0072960155,0.016540676,0.0046221805,0.2780309,0.00293674,0.0032379834,0.0006273794,0.014279377,0.0005254764,0.0015913252,0.006631997,0.00394545,0.077846006,0.042977493,0.014643887,0.0013912825,0.012529412,0.036715277,0.013520289,0.012222879,0.019830292
Cn1c(=O)c2[nH]cnc2n(C)c1=O,0.012739466,0.06533814,0.02464738,0.0060975393,0.001015551,0.0020987801,0.017881485,0.036620278,0.017560465,0.07113406,0.01971208,0.0004287398,0.059118748,0.061738815,0.026987486,0.017892685,0.012029812,0.048405617,0.84720117,0.004259169,0.012379955,0.004046082,0.013167667,0.016516803,0.046447277,0.007141207,0.016213173,0.04080897,0.024020784,0.0047600972,0.074172966,0.01634912,0.033200126,0.00033426617,0.003293136,0.0034090797,0.103332095,0.00032916086,0.027969025,0.019900193,0.0824625,0.013051798,0.013341413,0.004417858,0.0025649224,0.0009260349,0.06925887,0.0010911215
O=C(O)Cc1ccc(O)c(O)c1,0.03642851,0.053936258,0.03587595,0.13381274,1.8059603e-05,0.08805945,0.04338796,0.047132134,0.03654372,0.080814354,0.038518846,0.096471995,0.055583987,0.087521315,0.030921668,0.008678779,0.033360895,0.033572663,0.43339857,0.12730756,1.4135237e-07,0.20543033,0.0015198875,0.05834428,0.02661788,0.05884346,0.087719224,0.009550843,0.012224578,0.08018507,0.15537389,0.016526999,0.023493253,0.085063316,0.039940715,0.15838526,0.0148265995,0.051571462,0.03945403,0.027000628,0.043556258,0.0029797277,0.0014251568,0.10485003,0.09201003,0.064134575,0.048137076,0.093183324
NCCc1c[nH]c2ccc(O)cc12,0.0611803,0.17049412,0.06795019,0.3294435,9.752472e-06,0.12769777,0.025843818,0.1034185,0.09234309,0.26677728,0.034423206,0.08553052,0.22157055,0.5469767,0.027757118,0.016699683,0.13369897,0.09281668,0.7129777,0.0140397195,0.00012585212,0.14685178,0.005289341,0.49832305,0.121873565,0.046876926,0.008354537,0.036585223,0.02271401,0.04853983,0.099440135,0.12607656,0.16146436,0.020646399,0.025407223,0.007849911,0.042804923,0.1399827,0.03370867,0.40155897,0.14443247,0.033358727,0.002828913,0.11615142,0.16030245,0.07681956,0.07977476,0.028910363
NC(CS)C(=O)O,0.017484367,0.027647039,0.008031956,0.09159379,8.561019e-05,0.009320618,0.0011463222,0.007406294,0.0140421875,0.050856035,0.0071660243,0.0006279417,0.013751326,0.03526224,0.022402773,0.016533062,0.0067862505,0.02690065,0.8452585,0.00017687933,2.0256772e-05,0.04399451,0.004520067,0.0100322645,0.00592682,0.009216691,0.019771712,0.006845272,0.023606408,0.0026091745,0.305265,0.0019655733,0.0032670114,0.00020986669,0.024361007,0.00017286486,0.0012793044,0.004520365,0.0023203206,0.07922667,0.044239286,0.012549227,0.0021742284,0.01013254,0.038552538,0.011589412,0.010617546,0.024901263
ClC(Cl)(Cl)Cl,0.059145313,0.22487994,0.062530965,0.04881306,1.2044165e-07,0.019119998,0.07106564,0.025914412,2.6691407e-05,0.10177573,6.4923347e-07,0.0011177846,0.0344858,0.002895734,0.0015332199,0.0018367707,0.0020179842,0.049691603,0.74985707,4.444845e-06,0.0004155306,0.038600337,7.6785583e-10,0.014055662,0.06800837,1.3543221e-05,0.0055752364,0.00024045116,0.0004640173,0.013340466,0.3810812,0.015986282,0.119566575,0.0060518403,0.00024494034,0.0011909514,0.011965787,0.0017945169,0.024361586,0.017972235,0.108068936,0.014612663,0.00029622982,0.017175717,0.0015074076,2.7921118e-05,0.025269212,0.0002763117
Nc1cccc(O)c1O,0.056333844,0.26222047,0.053614642,0.500561,4.509256e-05,0.17478424,0.05945791,0.1467698,0.095101,0.24713738,0.10526367,0.104632795,0.20119195,0.55940247,0.09415988,0.014556119,0.11146706,0.06799813,0.80749404,0.10444962,3.3077737e-05,0.32279456,0.003080204,0.42968228,0.13689291,0.1544291,0.016609875,0.035687692,0.020407265,0.09432086,0.21093088,0.13119625,0.118592456,0.09730919,0.24802391,0.04181152,0.048713088,0.1492722,0.039391644,0.20699714,0.16302527,0.008511242,0.007596388,0.13271867,0.16546912,0.17468117,0.11088943,0.22129498
NCCCC(O)(P(=O)(O)O)P(=O)(O)O,0.015509369,1.2133553e-05,0.033629254,0.29632878,0.00061374856,0.055159193,0.0015102928,0.18937254,0.0006566168,0.071932666,1.9202203e-06,6.273138e-08,0.009897077,0.031690672,4.0078823e-05,0.004571325,0.0013818067,0.0056652245,0.53410625,1.3175016000000002e-16,0.0027153946,0.009177189,2.2069908e-05,0.08358578,0.0006424641,2.1630397e-06,1.6255065e-10,0.036123056,0.0303928,0.0060721873,0.07832587,0.066557206,0.025324238,1.3274713e-22,5.0673993e-05,4.9813262e-14,0.0045956015,0.001903763,0.0001504242,0.34683183,0.38642263,0.032092683,0.0014926774,0.007711996,0.0011883848,0.00040781,0.044523504,5.947259e-05
C#CC1(O)CCC2C3CCc4cc(O)ccc4C3CCC21C,0.3341077,0.08019506,0.2532393,0.8296331,0.0,0.5937478,0.39610812,0.49960506,5.707449e-05,0.43165815,0.0015118525,0.2844652,0.8447054,0.084822625,0.015168329,0.0005213945,0.089594655,0.31306052,0.20577416,0.17657784,2.7540047999999996e-18,0.15560177,0.04719937,0.040197082,0.34781468,0.040575624,0.009140378,5.2131873e-05,0.018352054,0.21183601,0.00437149,0.41076452,0.53929657,0.22651821,0.0006986008,0.18482946,0.06242498,0.3393451,0.08283185,0.58083403,0.66236746,0.036551114,8.144398e-06,0.21076801,0.0006874543,0.007414526,0.141645,0.0017139054
O=C(O)CCC(=O)O,0.008043198,0.011183856,0.0045171822,0.014820938,1.0632711e-05,0.0055482937,0.0070546097,0.00580767,0.016026335,0.023163302,0.018616814,0.012647473,0.006555418,0.010503016,0.018344818,0.016182415,0.002842172,0.013377742,0.17727043,0.03414382,2.5637894e-06,0.08225549,0.0018861011,0.0068216706,0.0057001077,0.007901204,0.09576258,0.002795392,0.016772503,0.006271831,0.3024797,0.00072918535,0.002025441,0.005205682,0.008587316,0.04461501,0.0026060096,0.0016028938,0.006498301,0.004230125,0.026221687,0.0020802282,0.00044566297,0.01340707,0.03312974,0.011543064,0.007920784,0.040484242
O=C(C1CCCCC1)N1CC(=O)N2CCc3ccccc3C2C1,0.027840162,0.0021130312,0.11922759,0.15258554,9.374443500000001e-38,0.18128063,0.03743849,0.028224543,0.00064793153,0.09965487,0.0005008598,0.0010182691,0.12759747,0.015677271,0.017085703,0.0125875445,0.026062215,0.089080095,0.38989767,0.03994074,8.071906e-06,0.0039334674,0.012115209,0.00849936,0.032083504,0.01388726,0.010557501,0.019381588,0.008807025,0.016247528,0.0090355,0.056321554,0.13299333,0.0021514874,0.00033300562,0.0007483367,0.043934643,0.1438322,0.0076090093,0.14131516,0.2810792,0.14140141,0.0008539199,0.023530282,0.002194313,0.0016365671,0.024934497,0.0070779095
CCCCCC(O)C=CC1C(O)CC(=O)C1CC=CCCCC(=O)O,0.0021389185,0.0122756455,0.010470479,0.7170735,4.9756396000000004e-21,0.054141223,0.09877618,0.022838514,0.00012997392,0.048523646,0.00035783302,6.252354e-05,0.035296176,0.0024576997,0.0017133001,8.2388746e-05,0.0016145863,0.007346835,0.8436033,6.458463e-05,6.669545e-13,0.010234005,0.00026834695,0.001974163,0.0001674532,0.00032699548,0.06791029,4.568424e-05,0.00044816075,0.026999936,0.023851097,0.006439942,0.0012406477,8.06235e-09,2.2001801e-05,0.00040051847,0.007875823,0.0009070361,0.020567613,0.31168324,0.15264234,0.0058354777,5.5619847e-09,0.026814422,0.0006478825,0.00025150983,0.014716011,3.065866e-05
CC(=O)N1C(=O)C(C)(C)C2C1CCN2C(=O)OCc1ccccc1,0.014723148,0.001840519,0.093908004,0.2878367,1.3141095000000002e-22,0.15670636,0.043687124,0.028030844,0.0006097808,0.036908574,0.0011995016,0.0003998219,0.0813106,0.00979036,0.013701812,0.0031910432,0.037975647,0.046113696,0.16752513,0.0012137162,0.00034310058,0.0018163673,0.004351696,0.00091240165,0.06589085,0.00937061,0.054372057,0.011562884,0.0038105077,0.025957936,0.008005822,0.058284543,0.05645026,0.00061976275,3.2864464e-05,0.000621267,0.023340577,0.116542116,0.007500103,0.102053925,0.2332835,0.1035181,0.001032024,0.022429131,0.0011941355,0.00020016533,0.02142543,0.0012055793
CC(O)C(=O)O,0.007243121,0.010640281,0.008248224,0.030784154,0.0016733475,0.00856279,0.0040275725,0.01845887,0.014068653,0.04779674,0.010338004,0.0006299774,0.020922212,0.015022698,0.023586623,0.010968486,0.0075025815,0.017669218,0.66239226,0.005132662,0.00010097181,0.051774196,0.0018164356,0.009228534,0.006322365,0.015343843,0.033983275,0.006222159,0.01326159,0.0044060596,0.34194928,0.0034015614,0.0049867085,0.00014987114,0.0303787,0.011592165,0.0047626863,0.0032026584,0.0029129235,0.014601715,0.03480998,0.005650794,0.0018951605,0.011627897,0.025398657,0.00750804,0.011427439,0.028486293
Nc1ccn(C2OC(CO)C(O)C2O)c(=O)n1,0.0027658946,0.016652128,0.006562076,0.026511185,1.8307575e-13,0.008874256,0.016010085,0.010305221,0.0020688046,0.003955695,0.00022507273,1.0218608e-08,0.0821411,0.022189058,0.019879581,0.00093236536,0.00046368653,0.0031419205,0.39874473,1.9459985e-05,0.00013994412,0.0025919406,9.1008966e-05,0.009600163,0.005802659,0.0027086742,0.0012731156,9.651605e-05,0.0018961681,0.0015264098,0.040197816,0.009356929,0.011888346,2.0290462e-10,0.003410315,4.6357366e-07,0.005119783,0.00014311705,0.0016997292,0.020060346,0.091026634,0.0031924997,2.286628e-06,0.0052839494,0.004361734,0.009616258,0.008397323,0.0015244103
O=C(O)CNC(CO)(CO)CO,0.007454128,0.0015406683,0.0028994468,0.011751094,6.2172694e-09,0.0012605927,0.00039401947,0.0047602826,0.0022401933,0.0051201694,5.1444124e-05,3.4986918e-09,0.008173989,0.0043333657,0.0008063629,0.008325839,2.184056e-05,0.0025787458,0.037916884,1.5281884e-09,3.8523388e-07,0.010673689,0.0005660386,0.0026977654,0.0003140871,0.00074013806,0.0004935342,0.0003408723,0.0072901784,0.00027087194,0.15111072,0.001209286,0.005648742,1.559808e-08,0.002749346,3.1356868e-09,0.00013587973,1.151897e-05,4.5317458e-05,0.012240059,0.0379223,0.0012926623,4.735651e-05,0.0031935452,0.010805531,0.010721149,0.0014841026,0.00050749985
CCN(CC)CC,0.02755251,0.036278095,0.02609523,0.007969139,0.005631881,0.031828355,0.0087569915,0.019012464,0.015587795,0.05185923,0.016649185,0.011521679,0.06851737,0.020117788,0.0151748825,0.008785568,0.027850846,0.040167153,0.97240674,0.006635142,0.043587614,0.034868047,0.010938374,0.013909853,0.020339554,0.03124497,0.021434888,0.06253482,0.012378421,0.011731004,0.29550633,0.033197656,0.0467511,0.0041425163,0.009509905,0.0035999906,0.022453193,0.021742338,0.0055418694,0.034749575,0.08033583,0.028879438,0.043652646,0.04117602,0.013139413,0.01162766,0.022810973,0.014708685
O=[N+]([O-])c1ccc(O)cc1,0.0746466,0.2504134,0.08614864,0.28012344,0.0021759546,0.23025051,0.057774547,0.1431505,0.08281363,0.10872542,0.089236,0.10286923,0.16014415,0.15198795,0.03821833,0.0028063236,0.12662669,0.08322596,0.6614025,0.063926384,0.00073341315,0.23349534,3.3897165e-09,0.13614617,0.11498762,0.07671389,0.012858795,0.017137261,0.013841052,0.069243535,0.20026365,0.19097322,0.22850677,0.10901086,0.108259685,0.0019009735,0.036185075,0.15948676,0.044881742,0.08912871,0.28704426,0.02865829,0.005506456,0.12329542,0.063408725,0.09084924,0.08213325,0.13962029
CCC(C)C(=O)OC1CC(O)C=C2C=CC(C)C(CCC(O)CC(O)CC(=O)O)C21,0.0021966228,0.01334373,0.009020236,0.603442,1.1080167000000001e-26,0.041482326,0.09550755,0.033580195,1.9343437e-05,0.057947136,0.000104489955,6.822044e-05,0.17259428,0.0037855848,0.0048001735,0.00012182884,0.00047380032,0.008043252,0.73182267,3.5321573e-05,4.1531393e-11,0.0044408552,7.025601e-05,0.0026900966,0.0030646406,0.00015032124,0.027097328,2.5731175e-05,0.0006349803,0.010184885,0.0055728415,0.0047146557,0.0071347794,4.2001665e-07,7.498109e-07,0.0002546609,0.0025983476,0.000560586,0.017123686,0.12270844,0.12929977,0.0143878795,5.4758007e-11,0.01626891,0.00019573927,3.1588672e-05,0.01760134,1.6543725e-05
CCCCCC(=O)CCC=O,0.014546163,0.022097915,0.025961444,0.16336784,6.1948563e-06,0.017854055,0.05323462,0.011414803,0.017410122,0.023609664,0.02012734,0.031286974,0.012345034,0.00851749,0.012144076,0.031251792,0.018158386,0.030731652,0.26771408,0.0070199575,0.0002129456,0.04565612,0.030300992,0.013317577,0.0058605745,0.0077553787,0.062611766,0.022210062,0.03598908,0.012999494,0.22237897,0.015950924,0.013316629,0.00081720675,0.0057190945,0.018819135,0.040609106,0.021246579,0.023966921,0.09741287,0.11793495,0.009087011,0.0013607687,0.025086978,0.018587917,0.005195984,0.021505421,0.0071425014
c1ccc2c(c1)cc1ccc3cccc4ccc2c1c34,0.20308009,0.49535185,0.27913782,0.7809721,0.0014732267,0.56233317,0.2814389,0.33430836,0.5081279,0.25113815,0.47661117,0.0596946,0.36735255,0.9062501,0.44719484,0.07354576,0.67129034,0.4865453,0.225563,0.40172887,0.2391779,0.75313926,0.05560559,0.67918587,0.16281812,0.4841645,0.38319218,0.10521744,0.30563724,0.09433442,0.014691682,0.72644955,0.8147037,0.012675634,0.19634931,0.31587243,0.19018711,0.6819866,0.21006145,0.37542954,0.69883424,0.07431674,0.038862094,0.54907244,0.47394386,0.29904056,0.37914228,0.4887744
COC(C)(C)C,0.016780077,0.06046819,0.01675368,0.038068585,0.0020837472,0.023852076,0.004680263,0.025318459,0.0051250854,0.041206922,0.003067637,0.0064235027,0.04212553,0.011299453,0.008567657,0.00073796883,0.011416983,0.047794156,0.4217714,0.00037375803,0.01936238,0.035701875,0.0003528686,0.015007944,0.021757267,0.012966974,0.007025138,0.018495029,0.00076668756,0.005834994,0.32424712,0.025301356,0.055897716,0.005258138,0.0036881575,0.00544652,0.018471893,0.0107043525,0.0045001823,0.03450753,0.09334585,0.0039816117,0.013940364,0.019163845,0.013914773,0.0043074624,0.01976173,0.005839369
CC(C)CC(N)C(=O)O,0.009141319,0.008879715,0.0075275516,0.058398362,2.2332482e-05,0.007738445,0.003114425,0.007867304,0.012713799,0.031184245,0.0035276953,0.003490617,0.015102354,0.01163347,0.008143586,0.003970461,0.009332483,0.021857409,0.24182536,0.00088018255,9.7446115e-05,0.020851567,0.0008671122,0.008501007,0.005384943,0.007899287,0.011943575,0.006963614,0.0029578633,0.004121167,0.24297781,0.0025242884,0.0030265327,0.00015831902,0.00215133,0.001636811,0.002824154,0.008069836,0.0031925319,0.05430781,0.050443634,0.01483229,0.0011387792,0.007539263,0.016721113,0.0041008466,0.013159064,0.0031464458
O=C(O)CC(O)(CC(=O)O)C(=O)O,0.013919229,0.0034309782,0.004613453,0.018633736,1.696094e-06,0.0034648045,0.007953179,0.01497333,0.007143354,0.031643525,0.016280668,0.0032428731,0.008938884,0.00860361,0.02867162,0.019270528,0.006830544,0.009184963,0.7932694,0.014326079,6.9947044e-09,0.058272105,0.0021275713,0.0044573485,0.0024250066,0.00909906,0.16122544,0.0018935519,0.028441679,0.01366168,0.13760366,0.0005456263,0.0006579464,0.0016533791,0.0020247088,0.021956122,0.0026271623,0.0028538662,0.004472915,0.010214708,0.07136559,0.0059415,0.00013831316,0.015707292,0.016329193,0.0043135714,0.006957026,0.009362884
Clc1ccc2nsnc2c1NC1=NCCN1,0.1260448,0.26045856,0.123823084,0.4463441,3.445612e-13,0.26443964,0.09463024,0.33863652,0.059710357,0.35724,0.019116288,0.0034324308,0.4102735,0.6355894,0.14883548,0.0047043813,0.33969936,0.23051876,0.9283071,0.0006750507,2.9797645e-06,0.31075063,0.00046554554,0.5670246,0.14078736,0.15548855,0.07012057,0.03082508,0.0347478,0.07815243,0.05056815,0.1794216,0.30580512,0.0029461377,0.10157247,0.00011690017,0.1481423,0.45437178,0.18403447,0.4745784,0.48952612,0.0423714,0.0002438054,0.20589755,0.07243144,0.048895076,0.14305115,0.1944632
CC(=O)SC1CC2=CC(=O)CCC2(C)C2CCC3(C)C(CCC34CCC(=O)O4)C12,0.0901767,0.0698238,0.0363742,0.7257087,0.0,0.2840948,0.20735104,0.087909535,3.8408305e-07,0.10689527,9.855683e-06,0.0075877076,0.29092383,0.007567706,0.002825453,0.00022411936,0.025285585,0.13729276,0.18497777,0.0030340482,8.2516266e-08,0.03832866,0.005762303,0.0015107882,0.09887507,0.0011505712,0.02858246,0.0024225924,0.0011164402,0.015102006,0.00061835855,0.10125572,0.19400807,0.00032249797,6.7130504e-06,0.0037413961,0.011698708,0.040459078,0.0035419953,0.26216853,0.5704065,0.21249148,9.952751e-06,0.015840508,7.14263e-06,2.3844494e-05,0.02467004,0.00027526153
NC(N)=NCCCC(N)C(=O)O,0.019484293,0.008037508,0.0029639432,0.026796484,4.768489e-10,0.0037523163,0.0005409987,0.034999114,0.022491127,0.045189228,0.0059688496,0.000270441,0.013866138,0.034621086,0.02837332,0.0029888034,0.0013619446,0.025791187,0.3150319,8.502571e-05,1.0027435e-06,0.01965441,1.829944e-05,0.041168764,0.010978428,0.018643139,0.0005548611,0.0070793647,0.008746731,0.0017111093,0.18854643,0.0011112526,0.0043521873,0.00022833746,0.0031337545,4.2915303e-06,0.0007285685,0.0019439341,0.00015366697,0.071122326,0.016605452,0.0007433057,0.00010547552,0.004394848,0.049534194,0.011958917,0.015618089,0.010091282
O=C(O)c1cc(SSc2ccc([N+](=O)[O-])c(C(=O)O)c2)ccc1[N+](=O)[O-],0.44852677,0.4031917,0.1437107,0.7494355,0.0039333124,0.32139975,0.047665056,0.313032,0.050876603,0.027380323,0.019061742,0.016552277,0.4434519,0.243983,0.01690907,0.00045085847,0.18489064,0.20300107,0.120367244,2.5925046e-05,2.4988645e-05,0.52135414,2.6537801e-14,0.07193636,0.35025373,0.047181133,0.08468586,0.0046882196,0.046532273,0.1377959,0.015823217,0.023077615,0.1489573,0.011464024,0.14300902,8.8256746e-07,0.013102222,0.28419402,0.035333406,0.07887428,0.26623026,0.015289811,0.0029401009,0.17210026,0.06786266,0.027926153,0.065259635,0.07998769
CCOC(=O)CC(SP(=S)(OC)OC)C(=O)OCC,0.080219686,0.5311762,0.050727885,0.9134538,0.36515102,0.29605,0.030283,0.027169371,0.0033196548,0.031528167,0.0050745592,0.0036919864,0.060344107,0.148524,0.013424338,0.0029246772,0.19355766,0.03625728,0.9290256,1.3069404e-11,0.45369655,0.066202015,0.000690404,0.11231368,0.047568835,0.021299237,0.013421433,0.13872752,0.044683293,0.058312044,0.062307253,0.080680355,0.07969985,7.502909e-08,0.00021822834,6.194179e-08,0.004737729,0.25943953,0.022186996,0.77639216,0.44819018,0.0045322855,0.23142122,0.158968,0.0023978164,0.0022487778,0.008841716,0.0028791896
CC(=O)C(=O)O,0.0136125805,0.020021822,0.0062423777,0.016305866,0.0052502826,0.0049321544,0.0063302387,0.031614672,0.01849149,0.042781793,0.024103899,0.0024610278,0.031842772,0.019255282,0.032021478,0.017492061,0.007444493,0.024619568,0.4246186,0.028450286,5.494845e-05,0.06333907,0.004411732,0.0061128624,0.017936604,0.030996906,0.058375612,0.012091422,0.02811768,0.0036931406,0.34561014,0.0046841647,0.009357932,0.0014693401,0.03001584,0.026212001,0.010817846,0.0033427004,0.0055544376,0.008149119,0.044122085,0.008353672,0.005228182,0.005581087,0.023174267,0.0029830004,0.022866763,0.054594953
CC(=O)Nc1ccc(O)cc1,0.039773464,0.14593737,0.05683229,0.18124473,0.00039721272,0.12299914,0.052946467,0.067986526,0.07892487,0.08533447,0.07117438,0.086453296,0.10173401,0.20640795,0.07089492,0.010325658,0.1437751,0.049510986,0.6825163,0.03909483,0.00012870338,0.20833153,0.0017025416,0.18567735,0.060190227,0.10949135,0.031778783,0.013331526,0.009612125,0.05583935,0.18983197,0.07538535,0.07615609,0.10426451,0.073673174,0.120204434,0.03115717,0.21306771,0.048510794,0.08733142,0.20020261,0.0050277887,0.0037335362,0.093235835,0.1443619,0.05971612,0.04197795,0.1481545
Nc1ccn(C2CC(O)C(CO)O2)c(=O)n1,0.00444281,0.030630475,0.009114015,0.03306265,2.3955205e-14,0.009653722,0.014655548,0.01669112,0.004161149,0.015540788,0.0015190447,2.0581629e-06,0.09017922,0.024592591,0.024067543,0.001284233,0.0024353457,0.007667221,0.6509291,0.00017412909,0.00033869094,0.0047695087,0.00013515569,0.010809997,0.0120792845,0.005023466,0.0011447273,0.0003340457,0.0025775272,0.0029401332,0.052163955,0.010960946,0.021610295,1.1556997e-07,0.0029037003,2.1700523e-06,0.008116101,0.0012725834,0.002866931,0.026060637,0.08299286,0.0015707742,1.9977751e-05,0.0056144674,0.0050566285,0.009758256,0.01426128,0.0041974653
c1ccc(CN2CCNCC2)cc1,0.03632707,0.0070473063,0.020801924,0.01089251,6.3202634e-16,0.006993049,0.0010632703,0.014627914,0.0025454608,0.03794484,0.00033940058,7.192141e-05,0.06679649,0.018357368,0.004425234,0.002383813,0.0059622303,0.029771144,0.8307603,0.0007841245,0.00043784434,0.0021271715,0.0016590789,0.019118978,0.0181703,0.001362749,0.00036344054,0.017577747,0.0024719469,0.013715731,0.113411576,0.017321868,0.024326494,0.00013793148,0.0013720825,3.4262375e-06,0.007515043,0.007998906,0.0010005402,0.085145,0.06529643,0.329526,0.0031365377,0.030385358,0.010085143,0.017737754,0.017298799,0.002126452
CCCCC(C)=O,0.019862615,0.035191234,0.021421947,0.07845547,0.0008418486,0.022220237,0.02371999,0.014076023,0.018441565,0.02006492,0.020834006,0.028025893,0.01879232,0.012757428,0.014325432,0.01862093,0.021094022,0.038002435,0.28489733,0.009321164,0.0055832393,0.052492827,0.0208757,0.014661581,0.011911508,0.012870822,0.04074176,0.022526871,0.017850796,0.01010625,0.32383138,0.019234853,0.01954199,0.003848051,0.01398026,0.02560548,0.028621666,0.017825365,0.015868586,0.047903303,0.09438892,0.011759587,0.009151825,0.026103647,0.027704451,0.010236556,0.020611053,0.020776507
NC(C=O)CCC(=O)O,0.0076132193,0.007849068,0.006383223,0.032913778,1.9937008e-06,0.003560057,0.004958362,0.004811143,0.013834298,0.020185292,0.007754799,0.005002873,0.0056455075,0.010209006,0.014869516,0.014399893,0.0027013533,0.014141913,0.13388486,0.003173864,1.3119598e-05,0.024054335,0.0030263874,0.008489741,0.0050969156,0.0042308825,0.012909561,0.004523177,0.013989945,0.0036005944,0.266804,0.0014531818,0.0018829143,0.00011369171,0.0029275056,0.0023351037,0.0032518916,0.002971058,0.0042616995,0.03453574,0.027417045,0.0025803114,0.0002747306,0.005693811,0.029984107,0.004408661,0.009908599,0.004136018
CC1CC2C(C(O)CC3(C)C2CCC3(O)C(=O)CO)C2(C)C=CC(=O)C=C12,0.06817702,0.034730334,0.03505166,0.711135,0.0,0.20410044,0.32985306,0.10424761,1.8681196e-07,0.20010103,1.089736e-05,0.00029332892,0.48205337,0.030772684,0.0031194626,0.0021500345,0.0036603874,0.040816065,0.25918314,0.0020593952,1.7948708e-10,0.023714298,0.11800371,0.013886548,0.15333088,0.0011932169,0.012421388,0.00072188396,0.01679281,0.037522487,0.0011367368,0.2568211,0.27457404,0.00035262934,1.8044006e-05,0.0006333143,0.018498419,0.008113366,0.019575799,0.42734814,0.544059,0.102078505,5.2518985e-09,0.018260919,2.3924353e-05,2.819388e-05,0.053221762,5.9964677e-05
CNCCCCC(N)C(=O)O,0.017214874,0.004845853,0.0093207145,0.024510905,3.649071e-07,0.0044217356,0.0013172582,0.008971669,0.012143977,0.03549143,0.0020628858,0.0014695129,0.015833223,0.0142060155,0.005406559,0.0050670723,0.004133371,0.023126878,0.2771895,0.00031348225,3.3099575e-05,0.017688364,0.0011345498,0.022074573,0.0070498623,0.0036351143,0.0054205274,0.023913048,0.005703024,0.003409919,0.20788947,0.0023755683,0.003080321,0.00015744708,0.005424597,0.00018089385,0.0020075773,0.0037351875,0.0014272572,0.06228626,0.025968634,0.032553196,0.0009516041,0.0088087395,0.030087113,0.00678862,0.012958677,0.0032001887
CC#N,0.05659939,0.08080286,0.053224802,0.049174447,0.0006381736,0.055969164,0.026608547,0.032539163,0.020663045,0.04444839,0.016650395,0.010913249,0.05036187,0.0154209975,0.05491485,0.011892823,0.015488816,0.06041234,0.9686203,0.026952881,0.0004317443,0.07123731,0.0028474918,0.026334181,0.059696205,0.023252234,0.01729203,0.0022130937,0.052817192,0.019734498,0.45016715,0.02308366,0.07568537,0.012557485,0.021197313,0.013507498,0.01821878,0.017448984,0.036140043,0.0074267136,0.080423184,0.010198879,0.0063149,0.019819729,0.04611053,0.022975069,0.04549655,0.01961512
